Reference area,1997,1998,1999,2000,2001,2002,2003,2004,2005,2006,2007,2008,2009,2010,2011,2012
E92000001 England,3.5352,3.67037,3.85724,4.20719,4.46613,5.07279,5.83444,6.58373,6.81323,6.96636,7.23233,6.93091,6.26963,7.01259,6.69252,6.73636
E10000034 Worcestershire,4.17698,4.10012,4.36927,4.68134,5.13099,6.05004,7.13503,7.73404,7.99998,7.9998,8.32838,8.02745,7.11537,7.4253,7.44473,7.40969
E10000032 West Sussex,3.97142,4.36677,4.65435,5.51774,5.94416,6.63962,7.87471,8.44943,8.89743,9.20877,9.86592,9.39898,7.9278,9.00045,8.57492,8.64409
E10000031 Warwickshire,3.96072,3.86323,4.21393,4.66895,4.81584,5.73005,6.31385,6.94215,7.34589,7.0048,7.0935,6.87284,6.10866,6.89954,6.66616,6.82272
E10000030 Surrey,5.05321,5.741,6.08953,7.02623,7.17664,7.55008,8.57359,9.09358,9.2506,9.3431,9.7682,9.54114,8.52685,9.9994,9.6323,9.40572
E10000029 Suffolk,3.54184,3.63691,3.86793,4.29774,4.39815,5.23957,6.11458,6.98655,7.4151,7.18862,7.55969,7.37564,6.39847,7.02021,6.7578,6.95911
E10000028 Staffordshire,3.54345,3.3931,3.48188,3.69548,3.93127,4.36535,5.19705,6.13754,6.47926,6.76971,6.91978,6.52143,5.97552,6.14075,5.97202,6.10654
E10000027 Somerset,3.67328,3.81453,3.94573,4.65561,4.75627,5.6781,6.79305,7.74264,7.86009,7.4939,8.10174,8.37304,7.24968,7.733,7.28869,7.51314
E10000025 Oxfordshire,4.49179,4.87291,5.25813,6.00283,6.52579,6.91956,7.85484,8.21716,8.41297,8.61121,9.01973,9.23056,7.96225,8.89115,8.53198,8.75031
E10000024 Nottinghamshire,3.16083,3.33304,3.34626,3.58529,3.60752,4.09391,4.86181,6.17499,6.03735,6.04708,6.16016,5.80486,5.37134,5.6305,5.73141,5.50019
E10000023 North Yorkshire,4.20438,4.14884,4.17054,4.38613,4.69322,5.13397,6.47829,7.58805,8.31821,8.38002,8.49024,7.82066,6.93127,7.76783,7.4125,7.48866
E10000021 Northamptonshire,3.23212,3.48725,3.40206,3.90752,4.28001,4.68556,5.61563,6.39989,6.53622,6.67553,6.80004,6.52906,5.9308,6.24944,6.29537,6.29398
E10000020 Norfolk,3.25492,3.40766,3.38402,3.80587,4.17234,5.0463,6.29991,6.96626,7.20374,7.25154,7.73513,7.47565,6.3711,6.91497,6.28085,6.43714
E10000019 Lincolnshire,3.2819,3.30995,3.29407,3.5942,3.78835,4.34643,5.32818,6.72934,6.95863,6.80608,7.08248,6.66607,5.95383,6.09576,6.04628,6.03995
E10000018 Leicestershire,3.3262,3.47063,3.7121,3.86097,4.11947,4.5901,5.82171,6.40889,6.81666,6.69323,7.10578,6.50415,5.99167,6.38154,6.24013,6.32127
E10000017 Lancashire,3.02752,2.98055,3.0598,3.14269,3.16272,3.2156,3.78901,4.72307,5.07137,5.61576,5.68491,5.47768,5.26165,5.27902,5.42404,5.4004
E10000016 Kent,3.90363,4.09153,4.22883,4.84383,5.29685,5.89537,6.81037,7.49933,7.90787,7.92014,8.00652,7.84954,6.80034,7.65656,7.24758,7.42071
E10000015 Hertfordshire,4.34431,4.71034,4.91791,5.8149,5.9402,6.5819,7.63836,8.17074,8.12915,8.46787,9.05894,8.8881,8.13485,8.72187,9.01404,8.88895
E10000014 Hampshire,4.39481,4.63176,4.83559,5.7054,5.96329,6.46373,7.57705,7.9169,8.08828,8.13159,8.62771,8.48356,7.49983,8.26076,8.05866,7.91197
E10000013 Gloucestershire,3.65163,3.89823,4.1622,4.53497,4.98677,5.57858,6.42975,7.23823,7.4651,7.55926,7.84543,7.79063,6.75255,7.46384,7.16295,7.20413
E10000012 Essex,3.85553,4.00092,4.19509,4.5791,5.04862,5.93901,7.04628,7.70082,7.71331,7.96721,8.16594,8.34504,6.81819,8.02783,7.7107,7.61118
E10000011 East Sussex,4.10957,4.31728,4.59371,5.02202,5.31158,5.19981,7.56168,8.09787,8.62048,8.45306,8.78702,9.19882,7.58793,8.71908,8.47257,8.36879
E10000009 Dorset,4.82812,4.87982,5.12974,5.93477,6.66625,7.62187,8.76584,9.60776,9.67094,10.0792,10.9598,10.8178,9.05674,10.3559,9.92203,9.61383
E10000008 Devon,4.22094,4.40046,4.48514,4.95989,5.3767,6.51045,7.88346,8.84214,9.21092,9.4486,9.95517,9.64032,8.29652,9.13699,8.86425,8.69108
E10000007 Derbyshire,3.17139,3.19416,3.24427,3.34203,3.42537,3.82534,4.72687,5.71938,5.80827,5.85946,6.34252,5.88586,5.5636,5.58161,5.44675,5.43627
E10000006 Cumbria,3.04009,3.20779,3.29274,3.31031,3.34968,3.64434,4.27606,5.05939,5.44651,5.91846,6.03725,5.83916,5.44221,5.47514,5.72151,5.4437
E10000003 Cambridgeshire,3.79215,3.9379,4.19914,4.66408,4.93526,5.72267,6.28065,6.61361,7.22654,7.20023,7.61946,7.57278,6.50105,7.36363,7.10711,7.06069
E10000002 Buckinghamshire,5.07324,5.53979,5.91829,6.41749,6.84298,9.17342,7.87658,8.32474,9.142,9.19323,9.49805,9.1751,8.15053,9.46851,8.90234,9.10001
E09000033 Westminster,7.02507,7.82066,8.63657,9.98591,10.0829,11.0553,11.3795,11.483,11.9358,13.4626,13.5218,14.2186,13.5709,15.7697,17.2552,16.8922
E09000032 Wandsworth,5.41884,6.09379,6.65945,8.03808,9.07432,9.44397,9.57026,9.90744,10.314,10.8266,12.1502,12.0619,10.8202,11.8895,12.1697,13.3321
E09000031 Waltham Forest,3.47216,3.73663,4.15771,4.81311,5.3142,6.564,7.154,8.02721,8.27906,9.43023,9.57635,8.97656,7.38638,7.98393,7.96357,8.73298
E09000030 Tower Hamlets,3.79671,4.29008,4.84803,5.41314,5.83672,6.41207,6.02025,6.02374,6.32159,6.37857,6.98871,7.13049,6.38371,7.01328,6.57906,6.76183
E09000029 Sutton,3.4683,4.36523,4.33755,5.68766,5.73664,6.37675,7.35336,7.42668,7.93351,7.97103,8.80023,9.22084,8.07026,8.61388,8.8448,8.68614
E09000028 Southwark,3.79692,4.39863,4.79015,5.81444,6.00782,6.00731,6.1678,7.35803,7.84491,7.70985,8.49141,8.79126,8.57709,8.98449,9.11377,9.10679
E09000027 Richmond upon Thames,6.89271,7.53845,8.07809,9.55768,9.62007,9.59848,9.88496,10.7253,11.5938,11.0547,12.0115,12.4785,11.493,12.1891,13.6012,13.8014
E09000026 Redbridge,4.07303,4.60354,4.80954,5.46748,6.17305,6.78212,7.89194,9.47016,8.43167,8.90673,8.71451,8.87266,7.18766,8.11644,8.27788,8.64376
E09000025 Newham,2.7764,3.20038,3.64477,4.30927,4.85189,5.87189,7.23451,7.04736,7.47569,7.68075,8.25759,9.07151,6.50984,7.06838,7.23077,7.30269
E09000024 Merton,4.7122,5.23482,6.12384,7.2549,7.37114,8.46702,9.0774,9.50898,9.07824,9.88528,9.80004,11.4288,9.10629,10.1223,10.1058,9.88143
E09000023 Lewisham,3.26861,3.51215,3.62005,4.37661,5.20921,6.16296,6.54912,6.84323,6.64552,6.97856,7.91305,7.82034,6.91905,7.9055,8.03939,8.2564
E09000022 Lambeth,3.87553,4.2334,4.61705,6.33997,6.89971,7.26671,7.65233,7.89361,7.95263,8.19307,9.12456,9.0737,7.48163,8.89308,8.79126,9.07182
E09000021 Kingston upon Thames,4.82611,5.3458,6.20572,7.13666,7.62482,8.54199,8.88442,9.61199,10.0133,9.42287,10.7198,11.1119,9.25843,10.4872,10.4575,10.8336
E09000020 Kensington and Chelsea,11.6135,11.8791,12.6085,14.4295,14.778,15.3751,14.8744,17.2516,18.7483,20.2513,23.2604,24.833,22.5633,24.9446,27.0363,27.7848
E09000019 Islington,5.40365,6.21518,6.27934,7.41354,7.66741,7.30919,7.61872,8.39516,8.73217,8.93399,9.92224,10.4235,9.41808,11.0296,11.2772,11.3697
E09000018 Hounslow,3.80197,4.61627,5.00453,5.67851,5.92687,6.5093,7.43068,7.90502,8.03763,8.71996,8.67477,8.92057,7.45844,8.03244,7.7478,8.21261
E09000017 Hillingdon,3.53546,3.70545,4.15407,4.95432,5.33447,6.27664,7.13345,7.27418,7.48767,8.23866,7.95476,7.93834,6.95643,7.56951,7.6755,7.79443
E09000016 Havering,4.46428,4.97791,5.35437,6.2013,6.7882,8.27661,9.64838,9.70111,7.89098,7.80152,8.43839,7.81322,7.11035,7.77053,7.66024,7.61521
E09000015 Harrow,4.80203,4.91899,5.40086,6.5926,7.19316,8.17798,9.40894,9.59462,9.61766,9.41674,10.6297,10.2526,8.59723,10.5099,10.8538,11.0612
E09000014 Haringey,4.2133,4.97791,5.16041,6.51558,7.20574,7.58689,8.44711,9.07743,9.17318,9.1793,9.58056,10.3867,8.91557,9.60151,10.8811,10.9584
E09000013 Hammersmith and Fulham,5.63145,7.06773,7.08196,9.05889,9.03457,9.03326,9.37586,10.6686,10.5229,11.7671,12.3393,13.0253,11.3698,13.2506,12.9995,14.1378
E09000012 Hackney,3.34435,3.41657,4.30438,5.59226,6.34064,6.81599,7.42828,7.7876,7.54112,7.77718,8.969,8.57667,7.85356,8.68634,9.1144,9.44276
E09000011 Greenwich,3.33144,3.63328,4.09785,4.78645,5.65515,6.42657,6.70794,6.90183,7.3184,7.63392,7.08958,8.20931,7.55375,7.8453,8.34328,8.10812
E09000010 Enfield,4.25018,4.31199,4.67438,5.00768,5.24719,6.04028,7.70119,6.97863,8.41122,8.16248,9.29811,9.43988,8.38514,8.42887,8.85696,8.38423
E09000009 Ealing,4.4291,5.04867,5.49481,6.5486,6.9973,7.61975,8.72456,9.01929,9.03463,9.41901,9.51531,10.0566,8.82852,9.65268,10.0655,10.0065
E09000008 Croydon,3.74273,4.00596,4.24093,5.11017,5.69161,6.21662,7.45079,7.42749,8.16312,7.92039,8.34534,8.526,7.36418,7.61582,7.40958,7.61577
E09000007 Camden,6.64869,6.81517,7.46253,9.43394,9.20894,9.56635,9.50751,10.0182,10.4225,11.1313,12.5862,12.8893,11.7852,12.7356,13.4138,13.6952
E09000006 Bromley,5.71682,5.87313,6.5193,7.90684,9.3409,9.93783,10.7341,10.6044,9.27935,9.38675,9.94652,9.36887,8.7678,9.82448,9.63601,9.47718
E09000005 Brent,4.47565,4.9168,5.49214,6.34161,7.22261,8.46282,9.21735,9.92439,10.1059,9.58052,10.7447,10.9725,9.6922,9.94461,10.8424,11.4247
E09000004 Bexley,3.87955,4.17173,4.38932,4.87723,5.46293,6.29948,7.22777,8.69275,7.71226,7.67657,8.17822,7.58414,7.01642,7.63142,7.9255,7.43651
E09000003 Barnet,5.39373,6.1265,6.63382,7.98331,7.89312,9.21847,9.72629,9.8031,9.5844,9.7265,10.8097,10.3714,9.12778,10.6824,10.8778,11.2318
E09000002 Barking and Dagenham,2.99089,2.59947,3.03289,3.3898,4.029,4.21883,5.28367,5.74578,6.03119,6.25296,6.43719,7.2323,6.05289,6.22001,5.84846,5.04264
E09000001 London,4.71848,5.5464,5.37651,5.67527,6.7951,5.95909,7.73368,7.26879,6.89986,7.00019,8.80116,7.69737,7.76929,8.70111,8.99717,9.19483
E08000036 Wakefield,2.87535,2.90616,2.8969,2.76904,2.85099,3.20013,3.94371,4.83463,5.29484,5.22236,5.27881,5.33524,5.07055,5.06566,4.67736,4.88387
E08000035 Leeds,3.30286,3.33734,3.28938,3.35807,3.64226,4.05866,4.72116,5.67318,5.88907,6.07246,6.41413,5.90674,5.14026,5.68823,5.48578,5.59794
E08000035 West Yorkshire,3.30286,3.33734,3.28938,3.35807,3.64226,4.05866,4.72116,5.67318,5.88907,6.07246,6.41413,5.90674,5.14026,5.68823,5.48578,5.59794
E08000034 Kirklees,2.95135,2.91021,2.99434,2.99079,3.01538,3.26295,3.79191,5.0476,5.33199,5.82079,6.14844,5.69994,5.20787,5.32711,5.42196,5.3236
E08000033 Calderdale,2.75616,2.8356,2.66591,2.65939,2.59695,2.73035,3.29913,4.33905,4.82571,5.38341,5.67986,5.69209,4.63023,5.24889,5.07867,4.60937
E08000032 Bradford,2.98313,2.82114,2.74657,2.91008,2.89851,3.05148,3.40238,4.50114,5.00577,5.69999,5.94725,5.66965,5.20664,5.33843,5.23954,4.91188
E08000031 Wolverhampton,2.89328,2.78493,2.7822,2.87446,2.88195,3.12149,4.04858,4.66122,5.27564,5.28998,5.32584,5.23891,4.79981,4.44007,4.88144,4.55835
E08000030 Walsall,3.2874,3.35722,3.16727,3.45315,3.3776,4.20511,4.77718,5.43376,6.18907,6.06646,6.25547,6.09816,5.88207,5.42755,5.34384,5.11976
E08000029 Solihull,4.10145,4.05516,4.35232,5.17576,5.67506,5.79198,6.79234,7.25205,7.32366,7.93679,7.81929,6.90826,6.56187,7.80801,7.45428,7.26496
E08000028 Sandwell,2.93476,2.85099,2.83651,2.76593,3.06033,3.36227,4.12833,5.00412,5.07111,5.42445,5.45751,5.07871,4.58074,4.95341,4.65617,4.78578
E08000027 Dudley,3.58958,3.3241,3.66455,3.60851,3.80212,4.32793,4.99087,5.91412,6.31755,6.71805,6.34278,6.23641,5.84583,6.09453,5.65405,5.89154
E08000026 Coventry,2.64491,2.49688,2.48005,2.81683,2.953,3.2115,3.95178,4.51451,4.9381,4.99955,5.36904,4.9681,4.53398,4.57853,4.54966,4.38414
E08000025 Birmingham,2.79513,2.82582,2.91712,3.11102,3.17218,3.70998,4.67673,5.51099,5.64206,5.72746,5.69485,5.49898,4.71366,4.78837,4.83085,4.73558
E08000025 West Midlands,2.79513,2.82582,2.91712,3.11102,3.17218,3.70998,4.67673,5.51099,5.64206,5.72746,5.69485,5.49898,4.71366,4.78837,4.83085,4.73558
E08000024 Sunderland,2.93382,2.83226,2.73476,2.79216,2.65688,3.09831,3.59516,4.47779,4.61806,5.03206,5.24545,5.09595,4.94914,4.61859,4.67703,4.58678
E08000023 South Tyneside,2.97695,2.66281,2.81208,2.65466,2.48435,2.88416,3.46693,4.28126,4.66553,4.9792,5.85165,5.2571,4.96501,5.26896,4.90425,4.63014
E08000022 North Tyneside,3.32539,3.43493,3.34165,3.34399,3.38704,3.16951,4.27431,5.37518,6.09863,6.13773,6.70068,6.08114,5.60894,5.72998,5.32699,5.69381
E08000021 Newcastle upon Tyne,3.10834,3.34897,3.28278,3.22214,3.3455,3.98821,4.73209,6.24022,6.04708,6.56582,6.57508,6.03485,5.50015,5.4127,5.43701,5.28075
E08000021 Tyne and Wear,3.10834,3.34897,3.28278,3.22214,3.3455,3.98821,4.73209,6.24022,6.04708,6.56582,6.57508,6.03485,5.50015,5.4127,5.43701,5.28075
E08000020 Gateshead,2.77561,2.81555,2.66263,2.52318,2.87245,3.39989,4.01035,4.57276,4.68805,5.55789,5.82131,5.43045,5.37531,5.10373,4.69129,4.53604
E08000019 Sheffield,2.81103,2.78833,2.90738,2.94845,3.0797,3.46567,4.07448,4.87525,5.39994,5.54702,5.81858,5.41359,5.01591,5.15742,4.8859,4.97025
E08000019 South Yorkshire,2.81103,2.78833,2.90738,2.94845,3.0797,3.46567,4.07448,4.87525,5.39994,5.54702,5.81858,5.41359,5.01591,5.15742,4.8859,4.97025
E08000018 Rotherham,2.78271,2.52325,2.87505,2.74197,2.92767,3.2238,3.59843,4.31286,5.17972,5.57826,5.46409,5.42149,4.77105,4.72549,4.79659,4.73158
E08000017 Doncaster,2.6627,2.80286,2.82762,2.66591,2.68166,2.77717,3.53827,4.66427,5.12158,5.40135,5.34425,5.11006,4.50403,4.56504,4.44221,4.45745
E08000016 Barnsley,2.66555,2.70024,2.69576,2.68085,2.5843,2.53245,2.95442,4.21869,4.49596,5.12511,5.28156,5.04462,4.17753,4.43271,4.45189,4.2487
E08000015 Wirral,3.03882,2.99745,2.98976,3.31899,3.24376,3.5716,4.41595,5.63675,5.63675,6.29999,6.40796,6.16751,6.01559,6.10172,6.10817,5.84784
E08000014 Sefton,3.69874,3.72489,3.5344,3.86848,3.84273,4.21296,5.10071,6.14228,6.94456,6.92827,7.00467,6.68267,6.35503,6.70103,6.4856,6.05801
E08000013 St. Helens,2.84628,2.85348,2.76447,2.88949,2.9802,2.98087,3.48942,4.68636,5.2966,5.55856,5.59956,5.21259,4.47538,4.82643,4.67547,4.76202
E08000012 Liverpool,2.53145,2.32485,2.41695,2.48966,2.65443,2.74637,2.94462,4.00073,4.37404,4.87535,5.22761,4.91569,4.34579,4.29357,4.23663,4.11955
E08000012 Merseyside,2.53145,2.32485,2.41695,2.48966,2.65443,2.74637,2.94462,4.00073,4.37404,4.87535,5.22761,4.91569,4.34579,4.29357,4.23663,4.11955
E08000011 Knowsley,2.50655,2.72365,2.76488,2.92445,2.72661,3.20732,3.35168,4.35673,5.36404,5.54162,5.12223,5.2053,4.12238,4.48848,4.3529,4.1502
E08000010 Wigan,2.82726,3.00781,2.83236,2.79865,2.8991,2.95073,3.51526,4.61933,4.83838,5.31715,5.27126,5.24215,4.75164,4.83598,4.73376,4.99679
E08000009 Trafford,3.74569,3.70232,3.70437,4.20284,4.41677,5.21118,5.92778,6.64705,7.18369,7.22058,7.9009,7.34366,6.53569,6.84327,7.24543,6.71325
E08000008 Tameside,2.83669,2.83226,2.7794,2.81892,2.98322,2.93427,3.74575,4.5848,5.34033,5.76699,5.60284,5.71656,4.68012,4.91617,4.92079,4.70568
E08000007 Stockport,3.50542,3.45442,3.61498,3.88291,3.97184,4.51786,5.79033,6.38992,6.17008,6.45144,7.00323,6.55272,5.97908,6.51138,6.07384,6.03977
E08000006 Salford,2.4956,2.57,2.41996,2.49223,2.45842,2.47321,3.26276,4.26918,4.93815,5.20295,5.54584,5.25908,4.64907,4.53101,4.39949,4.65267
E08000005 Rochdale,2.58942,2.54684,2.74965,2.62534,3.07966,2.99541,3.2873,4.12669,4.54265,4.92268,5.63117,5.21818,4.70768,4.64267,4.59261,4.65109
E08000004 Oldham,2.72617,2.83825,2.67152,2.59403,2.59067,2.78768,3.10086,3.89204,4.45081,5.0249,5.80916,5.32458,4.82468,4.67572,4.73713,4.87942
E08000003 Manchester,2.27101,2.46366,2.33486,2.51069,2.62588,3.04092,3.24037,3.99686,4.74314,5.34768,5.29141,5.20936,4.4717,4.60896,4.98544,4.70652
E08000002 Bury,2.98416,2.86983,2.98976,3.07017,3.1388,3.38264,4.20379,5.00135,5.99887,6.07424,5.89393,5.70307,5.35095,5.37902,4.90377,5.26148
E08000001 Bolton,2.79392,2.86841,2.80686,2.80189,2.92688,3.17456,3.32544,4.4503,5.02809,5.51435,6.00625,5.67067,4.92853,4.93216,4.63879,4.67103
E07000239 Wyre Forest,3.90487,3.56514,4.00595,4.04752,4.63094,5.38277,6.90363,7.13268,7.63096,7.10753,6.96075,7.18267,6.51236,7.01157,7.35376,7.94351
E07000238 Wychavon,4.65008,4.75077,4.59358,5.49403,6.35578,6.91252,8.7545,8.63567,9.43339,9.26281,10.3525,9.49936,7.86923,8.57806,8.47632,8.37472
E07000237 Worcester,3.52533,3.67429,3.97054,4.11904,4.36899,5.10994,6.29412,6.63552,6.94075,7.07853,7.73798,7.27448,6.66375,6.35573,6.41628,6.77279
E07000236 Redditch,3.45474,3.75716,4.05062,4.2539,4.63579,5.0757,6.10425,7.46333,6.72812,7.30468,7.59729,6.74331,6.21286,5.97321,5.79424,6.04895
E07000235 Malvern Hills,5.59296,5.40585,4.78162,5.77646,5.90135,6.99465,8.06945,9.50796,9.60178,8.96848,10.4701,8.8302,7.71358,9.67125,8.66213,8.38118
E07000234 Bromsgrove,4.54855,4.83852,5.25722,5.85296,6.04185,8.84536,8.29536,8.66658,9.46371,9.50246,9.93927,10.1931,8.03749,9.03414,9.67286,8.54053
E07000229 Worthing,3.33834,3.91718,3.84708,4.79689,4.56776,6.12818,7.37114,7.30072,7.95554,8.47179,8.97985,8.5265,7.04746,8.34406,7.82653,8.00764
E07000228 Mid Sussex,4.16171,4.50351,5.1515,6.84463,6.24702,7.19208,8.73437,9.30558,9.56586,10.0173,10.1696,9.97975,8.86719,9.35796,9.40211,9.42665
E07000227 Horsham,4.77079,4.79981,6.22528,7.11871,6.79854,7.27281,8.62356,9.46308,9.5293,9.88549,10.3551,10.3909,9.37028,10.106,9.73011,10.1921
E07000226 Crawley,3.54006,4.09139,3.92397,4.56648,4.98742,5.84226,6.21734,7.00075,7.04534,7.00035,8.03012,7.52293,6.0739,6.17041,6.07316,6.29914
E07000225 Chichester,4.96121,5.7891,6.13082,7.51107,7.64618,8.11852,10.4263,10.5645,11.6984,11.0926,12.3228,11.3644,10.2178,10.5325,11.5651,9.62367
E07000224 Arun,4.05301,4.96466,4.99955,5.6894,6.79391,7.47486,8.43672,9.42716,10.3739,9.99911,9.94687,9.98633,8.79237,10.2043,9.63305,9.42614
E07000223 Adur,3.54469,3.70362,3.68113,4.54599,6.00269,5.66016,7.59658,7.69396,7.45816,9.145,7.39061,9.41545,8.33673,9.9457,8.26182,9.25822
E07000222 Warwick,4.12019,4.54875,5.00816,5.71671,5.76387,6.37198,7.69628,7.87918,8.18417,7.42249,7.53568,7.68247,6.90999,8.30851,7.33641,7.48286
E07000221 Stratford-on-Avon,5.00876,5.13746,5.66054,6.17722,6.4949,7.92074,8.42886,8.12958,9.31117,9.58694,8.8186,8.92008,7.427,9.05461,9.27273,8.90859
E07000220 Rugby,3.18547,3.17563,3.21878,3.51927,3.72666,4.99459,5.40855,5.96743,6.54413,6.95857,6.51216,5.98437,4.87392,5.57248,5.63899,5.53984
E07000219 Nuneaton and Bedworth,3.19634,2.95309,3.39287,3.70016,3.86461,4.31096,4.76986,5.66913,6.03369,6.05235,6.26621,5.56215,5.35027,5.42855,5.60904,5.47048
E07000218 North Warwickshire,4.00588,3.71086,3.77901,3.90659,3.89777,4.49383,4.90687,5.89133,6.0704,6.29362,6.33306,6.31696,5.71912,5.67897,5.41919,6.14393
E07000217 Woking,5.12135,4.57557,4.95158,5.91646,6.05825,6.7213,6.88103,7.76808,9.05907,9.0354,9.22983,8.82852,9.14321,9.59783,10.1601,9.91359
E07000216 Waverley,5.8162,6.7811,6.713,8.61588,8.56183,8.81823,10.2426,11.4282,11.1762,10.6814,11.3125,11.6269,9.13661,13.0429,12.2828,12.4039
E07000215 Tandridge,6.34494,6.87793,7.86523,8.09941,8.33259,9.05274,10.8017,11.4499,11.4537,11.3887,12.2481,11.7572,10.9348,11.8377,12.4406,13.0229
E07000214 Surrey Heath,4.47182,5.67156,5.69125,6.07255,6.53175,7.3396,8.30798,8.4121,9.01257,9.00166,9.80168,8.86143,7.86733,9.27391,9.55295,8.74542
E07000213 Spelthorne,4.56826,4.56752,4.58257,5.30476,6.1318,5.65268,6.85725,6.55969,6.70773,7.12572,8.48084,8.33406,7.58774,8.20683,7.9854,7.18063
E07000212 Runnymede,4.03903,5.3861,5.76147,6.26447,6.0393,6.95518,8.30265,8.12881,8.27442,7.99929,8.45274,8.20054,7.44938,7.73433,8.16285,7.37341
E07000211 Reigate and Banstead,4.58084,5.29936,5.67927,6.21318,6.9099,6.88843,7.92268,8.71839,8.94888,8.82208,8.57723,8.83021,7.90469,9.45706,8.52395,7.65303
E07000210 Mole Valley,5.60241,6.15208,6.47622,8.42948,8.28519,8.40129,8.73144,8.3179,9.68976,9.83509,9.97446,10.4773,7.81627,9.50788,9.43108,10.1514
E07000209 Guildford,4.86198,5.63223,6.14071,7.02161,7.31995,7.61439,8.77314,9.26038,9.24121,9.79399,9.88639,9.37542,8.39828,10.4167,9.66748,9.83894
E07000208 Epsom and Ewell,5.43687,6.00655,6.65637,8.64584,7.93556,8.33445,8.39397,9.98396,10.2464,10.7624,11.129,9.78983,8.36593,10.5585,10.3649,10.1598
E07000207 Elmbridge,6.27744,6.86732,7.39667,9.00049,9.84654,10.0732,10.0277,11.4239,9.95971,11.1424,11.4882,12.5866,12.2786,12.8344,12.3369,12.4553
E07000206 Waveney,3.234,3.61168,3.32353,3.66999,3.99526,4.70528,5.57345,6.81073,7.17561,7.16811,7.55674,7.46493,5.93008,6.85746,6.42245,6.71545
E07000205 Suffolk Coastal,3.38586,3.62811,3.88947,4.4291,4.82298,5.61513,6.3754,6.83852,7.33028,7.14501,7.30606,7.78177,6.6073,7.87664,7.35045,7.35252
E07000204 St Edmundsbury,3.79472,4.16629,4.45083,4.87597,4.8347,6.30019,7.41426,7.93487,8.02593,8.2994,9.11141,7.92256,6.98767,7.37269,7.5074,7.33385
E07000203 Mid Suffolk,3.93396,3.95507,4.34579,5.98905,4.84568,5.80254,6.67538,7.76416,8.42304,7.61458,8.66758,8.35933,7.44938,8.51725,7.66773,8.26155
E07000202 Ipswich,3.00267,3.09877,3.40827,3.70677,3.8614,4.59849,5.33858,6.07738,6.50009,6.13824,6.28801,5.6073,5.15067,5.37255,5.14744,5.39371
E07000201 Forest Heath,3.97064,3.67931,4.2174,4.11369,4.33493,5.34718,5.81651,6.58705,7.8584,7.59223,7.82548,7.92133,6.73389,7.14422,6.40015,7.23671
E07000200 Babergh,4.09734,4.05082,4.32532,4.70161,4.87221,6.07631,7.33071,7.73412,8.34233,8.16742,8.28919,8.63696,7.88966,9.10872,7.89999,8.31357
E07000199 Tamworth,3.35499,3.18836,3.64743,3.61657,4.11671,4.62265,4.81334,5.8666,6.02871,6.71165,6.60535,6.21152,6.25229,6.20577,6.10335,5.7954
E07000198 Staffordshire Moorlands,3.09424,2.98613,3.13608,3.39521,3.58556,3.73378,4.55161,6.35478,6.0818,6.6572,7.03524,6.55923,5.78776,6.32358,5.58495,5.62817
E07000197 Stafford,3.8535,3.57807,3.54392,3.8844,3.66257,4.49795,5.56689,6.64008,6.49128,6.66994,6.95056,7.0334,6.00406,6.23377,5.89158,6.16334
E07000196 South Staffordshire,4.11296,4.00005,4.10209,4.56295,4.80674,6.13904,6.61029,6.01941,7.20177,7.44959,8.45098,7.389,6.20895,7.10035,6.95285,7.52621
E07000195 Newcastle-under-Lyme,3.4783,2.83402,3.20616,3.21166,3.35339,3.5826,4.17588,5.12545,5.59381,6.14228,6.02885,5.70114,5.60807,5.93416,5.78823,5.90199
E07000194 Lichfield,4.06277,4.01042,4.21393,4.9388,5.3192,5.67373,6.97688,7.21693,8.61839,7.97211,8.93797,7.74918,6.86771,7.9367,7.68306,7.96144
E07000193 East Staffordshire,3.08048,3.32793,3.32787,3.38903,3.44345,3.73507,4.5837,5.44626,6.04929,6.00983,6.53246,5.69193,5.73389,5.60028,5.43202,5.05098
E07000192 Cannock Chase,3.04358,3.04578,3.17333,2.96802,3.44998,4.24003,4.68851,5.7639,6.5345,6.24944,6.01642,5.95567,5.60942,5.17686,5.39554,5.72364
E07000191 West Somerset,,,,,,,,,,7.67938,,,,6.26936,,
E07000190 Taunton Deane,4.01378,3.96687,4.13252,4.78973,4.82387,5.7608,6.99372,7.59509,7.98499,7.59196,8.12729,8.063,6.93773,7.53243,7.52609,7.67451
E07000189 South Somerset,3.34068,3.64977,3.70685,4.30888,4.75745,5.23347,6.45147,7.38422,7.60362,7.47342,7.97781,8.04013,7.27114,7.73366,7.06938,6.99597
E07000188 Sedgemoor,3.74472,3.96748,3.87171,4.57616,4.70998,5.62236,6.49755,8.0806,7.8933,7.12383,8.16357,8.40147,7.07729,8.02309,7.52165,7.26392
E07000187 Mendip,3.82639,3.83555,4.26649,5.17454,5.17729,6.39607,7.27502,8.33961,7.93503,7.70897,8.42925,8.68587,8.08801,7.66428,7.59466,8.54336
E07000181 West Oxfordshire,4.89028,4.86695,5.49965,6.38412,6.13691,6.91312,7.95873,8.33443,8.89945,9.28835,9.77582,9.48802,8.03217,8.88913,8.87997,9.03935
E07000180 Vale of White Horse,4.24356,4.73493,4.97662,5.6859,5.89707,6.98431,7.41406,7.5834,8.23781,8.14742,8.4147,8.71694,7.02258,8.09853,6.95893,7.57626
E07000179 South Oxfordshire,5.18161,5.02361,5.86753,6.61738,7.17325,6.83011,8.02438,8.97299,9.12998,9.59486,9.87477,10.5884,10.1765,11.4006,9.80405,10.6449
E07000178 Oxford,4.75068,5.56164,5.81079,6.8086,7.26795,7.73898,8.89879,9.35913,9.02095,9.17869,9.31552,9.60649,8.3658,9.22928,9.09784,9.39288
E07000177 Cherwell,3.92507,3.9454,4.86655,4.81678,6.89986,6.22861,7.42828,7.49393,8.42735,8.4221,8.16422,8.37607,7.0583,8.03379,7.58312,7.97071
E07000176 Rushcliffe,4.22668,4.12564,4.2635,4.79755,5.24195,5.43332,6.6008,7.5003,7.30419,7.73474,8.79659,7.61244,7.32526,7.36929,7.81739,7.73766
E07000175 Newark and Sherwood,3.31609,3.57278,3.36503,3.89664,3.75755,4.35956,5.65389,7.43215,6.59112,6.53114,6.59576,6.64972,5.93704,6.65922,5.90701,6.2383
E07000174 Mansfield,3.01454,3.0852,3.06298,3.00296,2.99332,3.28735,3.68107,5.12548,5.42351,5.37294,5.28514,5.49139,4.85879,5.3972,5.25329,4.81452
E07000173 Gedling,2.92839,3.13941,3.31585,3.37571,3.54937,4.28974,5.4299,5.55233,5.5063,5.83068,5.44496,5.1133,5.18757,5.69381,6.09262,4.86825
E07000172 Broxtowe,3.04709,3.16801,2.93042,3.32986,3.66662,4.33863,4.79004,6.01177,5.96557,6.05162,6.105,5.71813,5.41383,5.77927,5.73775,5.77179
E07000171 Bassetlaw,2.82289,2.85229,3.13488,3.36566,3.37804,3.82446,4.21971,5.66851,6.22924,5.76245,5.67011,5.93245,5.25187,5.34298,5.46602,4.7258
E07000170 Ashfield,2.73278,3.04655,2.88648,3.14691,2.96508,3.22053,3.99224,4.84922,4.99087,5.14158,5.63817,4.99994,4.17783,4.32323,4.75092,4.69434
E07000169 Selby,3.4401,3.49531,3.36126,3.50217,3.51901,4.07765,5.31427,6.1208,6.72927,7.22414,6.88317,5.92961,5.66923,5.52458,6.25203,5.93415
E07000168 Scarborough,4.08617,3.8102,3.68827,3.66809,3.98854,3.99508,4.9868,6.65261,7.21456,7.99264,7.5097,7.1723,6.18646,6.30646,6.30078,6.29668
E07000167 Ryedale,4.9131,4.2763,4.354,4.60868,5.39764,5.9157,7.14983,9.19241,10.3413,10.162,9.52953,9.68346,7.58218,8.55498,8.61967,8.2312
E07000166 Richmondshire,4.32164,4.66388,4.60209,5.13782,5.37461,5.30955,7.03855,8.53546,8.95532,8.67861,8.69886,8.31852,8.15828,10.1913,7.85979,7.55352
E07000165 Harrogate,4.46316,4.43194,4.87593,5.41632,5.55677,6.30855,7.92879,8.73963,9.12152,9.129,9.65749,9.8987,8.05799,9.44499,9.0077,8.76805
E07000164 Hambleton,4.87185,4.77797,4.47264,4.54856,5.31376,6.38246,6.96689,8.52112,9.16391,9.34371,9.11277,8.32601,7.44142,8.56129,7.85098,8.51493
E07000163 Craven,4.77929,4.45282,4.69047,4.55352,4.7803,4.79663,5.96474,7.11319,8.34091,9.95441,8.38048,8.40985,6.63702,9.02375,7.76868,7.4019
E07000156 Wellingborough,2.8447,2.88333,2.8588,3.42101,3.56455,4.40327,4.5321,5.60949,6.33414,6.42622,6.66939,6.67081,5.91516,6.04866,5.82583,6.02314
E07000155 South Northamptonshire,4.90082,5.20648,4.79682,6.08838,6.38998,6.62969,7.35399,7.57936,7.65892,7.79535,8.1702,7.87551,7.57413,8.75596,8.42241,8.32024
E07000154 Northampton,3.10414,3.3499,3.17709,3.62624,4.1538,4.47406,5.22245,6.09572,6.08786,6.2419,6.09412,5.91944,5.1353,5.59394,5.59389,5.61904
E07000153 Kettering,2.75447,2.74602,3.15221,3.30725,3.70899,4.31074,5.25295,6.39542,6.57054,6.61211,6.90695,6.3529,5.87189,5.69883,5.64441,5.82385
E07000152 East Northamptonshire,3.07443,3.43986,3.76938,3.53463,4.19594,4.77514,6.31143,6.94356,7.09584,7.07741,7.03553,7.59736,6.58044,6.99693,7.19667,6.23216
E07000151 Daventry,3.27335,4.35123,4.52892,4.80298,5.30914,6.07568,6.69207,6.83803,7.23454,7.71953,8.47196,8.11959,7.05149,7.3637,6.53262,6.92635
E07000150 Corby,2.38016,2.56767,2.47508,2.78993,2.44267,2.87998,3.73002,4.67945,5.95136,5.4214,5.93122,6.03926,5.4996,5.53425,5.7202,5.29517
E07000149 South Norfolk,3.74367,3.7572,3.4904,3.69068,4.30715,5.48842,6.96088,6.91044,6.63291,7.62294,8.62768,7.32108,6.4382,7.23885,6.71834,6.58434
E07000148 Norwich,2.64953,2.77841,2.84338,3.31302,3.64808,4.64388,5.7978,6.42362,6.50348,6.28894,7.21012,6.9388,5.26955,5.95951,5.67041,5.81511
E07000147 North Norfolk,4.00795,4.09302,4.28746,4.75212,5.09147,5.54031,6.9404,7.96598,8.91652,9.48476,9.6178,10.0525,7.76892,9.1431,7.53806,8.19512
E07000146 King's Lynn and West Norfolk,3.09504,3.2483,3.23931,3.63102,4.00397,4.86287,6.11534,7.10605,7.32451,7.15294,7.11906,6.70103,6.36895,6.87684,5.70966,5.98655
E07000145 Great Yarmouth,2.79733,2.77153,2.55237,2.91852,3.16441,3.58677,4.51767,5.78019,5.66216,5.58821,5.79326,5.66624,5.35275,5.48414,5.33634,4.9956
E07000144 Broadland,4.00312,3.98854,3.76925,4.72349,5.00032,6.44203,7.08772,7.18747,8.33689,8.19865,8.80473,8.46919,6.88615,7.65338,7.26453,7.20265
E07000143 Breckland,3.32419,3.5211,3.44919,3.75899,4.20007,5.19048,6.44886,7.10209,7.10184,8.37231,8.31001,7.71874,7.03524,7.33741,6.71878,6.81333
E07000142 West Lindsey,3.93077,3.45434,3.41884,3.26237,3.81994,4.13632,4.40858,6.29391,5.90338,6.28319,7.0527,6.70138,6.06486,6.2546,6.12679,5.71081
E07000141 South Kesteven,3.60737,3.8554,3.98026,4.37734,4.54493,5.3286,6.66053,7.65927,8.46509,7.6701,8.13151,7.24,6.49195,6.96557,7.15644,7.14339
E07000140 South Holland,3.41477,3.41762,3.36386,4.17777,4.06205,4.71311,5.40145,6.85422,7.42324,6.82837,7.01215,6.64272,6.2647,6.04399,5.95754,6.19647
E07000139 North Kesteven,3.49561,3.47535,3.53863,3.95996,4.24506,5.25737,6.69696,7.24914,7.5644,7.54126,7.52821,7.87257,7.04964,6.71329,6.69907,6.62029
E07000138 Lincoln,2.44739,2.59756,2.45181,2.57774,2.59347,3.14175,4.03115,5.32075,5.34676,5.51406,5.82529,5.52172,4.88793,4.5741,5.07233,4.81028
E07000137 East Lindsey,3.39434,3.40989,3.29521,3.82889,3.82661,4.33408,5.64568,7.25225,7.74944,7.10593,8.12648,7.36117,6.20703,6.51377,6.34278,6.19824
E07000136 Boston,2.95379,2.8671,2.57353,2.97901,3.31808,3.91727,4.90894,6.30238,6.06962,6.01613,6.40027,6.31584,5.29673,5.6506,5.58214,5.68271
E07000135 Oadby and Wigston,3.50578,3.8291,3.42639,4.03246,4.10887,4.82244,5.91829,6.55591,7.71743,6.98367,7.3858,7.11352,6.44343,6.80735,7.35793,6.71647
E07000134 North West Leicestershire,3.26682,3.13996,3.45315,3.68811,4.27154,4.6556,5.7288,6.2719,7.31032,6.25471,7.39131,5.94526,5.92264,6.08411,5.50027,5.67187
E07000133 Melton,3.15268,3.73228,4.41276,3.91413,4.48732,5.00073,6.00939,6.28753,7.16919,7.41104,7.61777,7.79909,6.96279,7.42354,6.78916,7.22695
E07000132 Hinckley and Bosworth,3.51566,3.41787,3.8074,3.90508,4.0864,4.58234,5.86975,6.42542,6.72623,6.69498,6.72367,6.26467,6.00226,6.17502,5.90129,5.70271
E07000131 Harborough,3.87171,4.39761,4.72692,5.39105,5.69064,5.99069,7.62734,8.3923,8.22138,8.74828,8.68286,8.09733,7.2838,8.3655,7.69457,7.72612
E07000130 Charnwood,3.12632,3.20083,3.3424,3.44756,3.47692,4.15784,5.31358,6.33358,6.26631,6.185,6.517,6.15494,5.35784,6.06385,6.11392,6.19772
E07000129 Blaby,3.12958,3.2594,3.5749,3.60083,3.90388,4.48509,5.64787,6.01411,6.05297,6.41111,6.51454,6.49169,5.85405,5.65259,5.96021,6.23995
E07000128 Wyre,3.72845,3.86448,3.3824,4.10629,3.97073,4.69729,5.18607,6.4007,7.26885,7.76931,7.52551,6.29391,6.87444,7.04711,6.74274,6.28328
E07000127 West Lancashire,3.39885,3.54283,3.78035,3.78874,4.00382,4.46657,5.49814,6.22499,6.24746,7.02957,7.32984,7.19778,6.22104,7.04918,6.5859,6.52818
E07000126 South Ribble,2.98173,3.09205,3.33921,3.01269,3.45747,3.57994,4.29185,5.88097,6.11896,6.27369,6.00648,5.75644,6.02672,6.26891,5.96608,6.12923
E07000125 Rossendale,2.81937,3.16108,3.36227,3.02973,3.10073,3.073,3.67539,4.79851,5.59174,5.71065,6.11173,6.64243,5.19041,5.18911,5.68585,5.25329
E07000124 Ribble Valley,3.59943,3.66021,3.40501,4.62784,4.32686,4.17056,6.24636,8.6764,7.32843,7.85374,7.58382,7.43874,7.34817,7.13997,6.70237,6.80744
E07000123 Preston,2.9846,2.86044,3.04302,2.81253,3.06289,3.38032,3.42231,4.7964,5.66421,5.63955,5.81038,5.40111,4.93576,4.63852,4.70498,5.25067
E07000122 Pendle,2.03255,2.19252,2.23988,2.0329,2.19104,2.0873,2.28727,2.78971,3.00887,3.76472,4.36239,4.22186,4.00626,3.84885,4.39934,3.54251
E07000121 Lancaster,2.69068,2.84804,2.81924,2.93716,2.83536,2.86948,3.63317,4.71269,5.37722,5.60135,5.73537,5.68106,4.66757,5.39168,4.95855,5.40497
E07000120 Hyndburn,2.34578,2.06283,2.35296,2.43566,2.45067,1.9941,2.06681,3.37695,3.68149,4.61819,4.5388,4.66953,4.03115,3.74173,3.86115,3.80435
E07000119 Fylde,2.98827,2.92425,3.16212,3.08891,3.35599,3.52343,4.44381,5.64499,6.06287,6.58723,6.34121,5.62069,5.31894,5.54869,5.0585,6.23807
E07000118 Chorley,3.53146,3.59261,3.29628,3.61717,3.48269,4.18571,4.97217,6.19591,6.8023,6.30965,6.20982,6.43141,5.83281,6.32625,6.2213,6.25488
E07000117 Burnley,2.01245,2.13741,2.0065,2.06011,1.93704,1.79356,1.84624,1.88314,2.39496,2.93847,3.75187,3.71958,3.582,3.48687,3.5351,3.38308
E07000116 Tunbridge Wells,4.62326,5.43259,5.6669,6.48001,7.10014,7.95887,8.7567,9.23725,10.1437,9.9518,9.3144,9.61077,8.60417,9.91975,9.01973,8.46631
E07000115 Tonbridge and Malling,4.31496,4.87621,5.17829,6.21063,6.61032,7.36383,7.58059,8.61468,9.08938,9.40176,9.84429,9.03321,7.58107,8.70645,9.35066,8.36739
E07000114 Thanet,3.42231,3.47482,3.53005,3.87971,4.35699,4.59009,6.4572,6.6961,7.77258,7.60197,7.62257,8.24138,7.28545,8.28083,7.25762,7.49998
E07000113 Swale,3.12152,3.24209,3.64786,4.28682,4.2848,4.86544,5.66206,6.54528,6.58479,6.54541,6.51392,7.03876,5.8466,6.34976,6.56162,7.04165
E07000112 Shepway,3.86924,3.9758,4.18994,4.5094,4.73179,5.62311,6.61408,7.80423,7.90359,8.65066,8.7044,7.63243,6.95958,7.63206,7.21107,7.06077
E07000111 Sevenoaks,5.92482,5.79393,6.22055,7.22499,7.37303,8.04318,8.9953,9.3751,10.8562,10.3708,9.80048,9.28528,9.1159,9.24414,10.0968,10.6119
E07000110 Maidstone,4.62147,4.88808,4.81165,5.52679,6.1933,6.29004,7.93704,8.4951,9.04719,9.50965,9.17784,8.46814,7.53487,7.99045,8.0509,8.17481
E07000109 Gravesham,3.39704,3.98548,3.7868,4.28092,5.21211,5.36749,6.25535,6.92534,6.7768,7.26623,6.30378,6.62218,6.40672,6.41233,5.61065,6.3871
E07000108 Dover,3.09489,3.2307,3.28609,3.63418,3.84442,4.15894,5.11652,6.22838,5.85395,6.02672,7.0771,7.0481,5.38465,6.21749,5.77304,5.94351
E07000107 Dartford,3.42333,3.44281,3.88479,4.9024,4.86941,5.43621,6.80274,7.29572,7.24598,6.17428,6.87548,6.82973,5.65829,6.47674,6.18005,6.68186
E07000106 Canterbury,4.17083,4.42167,4.76838,5.28582,5.66737,6.83649,7.37246,8.01684,8.65452,8.77876,9.07252,8.97802,7.1292,8.13843,7.44781,8.33214
E07000105 Ashford,3.76567,4.07581,4.23715,5.42008,5.65793,5.79869,6.63976,7.30304,7.66871,9.15584,8.69263,8.80658,7.32753,7.96017,7.30446,7.29235
E07000104 Welwyn Hatfield,4.22115,4.49567,4.50249,5.12942,5.27219,5.69455,6.96625,7.84484,6.89206,8.01795,7.42723,7.92086,7.43542,7.68302,9.13154,8.0028
E07000103 Watford,3.16166,3.69553,3.94573,4.6842,5.05373,6.13015,7.40146,7.68844,7.29017,7.59879,9.48542,8.67749,7.46711,8.08429,8.62993,8.06757
E07000102 Three Rivers,5.06717,4.98977,5.16172,6.39457,6.4601,6.47008,6.55866,7.81803,7.52551,7.40532,8.22792,8.65413,8.07269,9.01782,9.53722,9.74984
E07000101 Stevenage,3.28811,2.89214,3.11977,3.96175,3.93831,4.87664,5.08081,6.04127,6.11183,5.61389,6.515,6.59057,5.85087,5.97231,5.64575,5.30428
E07000100 St Albans,5.81014,6.65642,6.65983,8.69127,8.87505,9.30463,10.3709,10.7477,10.9864,11.3167,12.4346,12.0273,10.7845,12.0534,13.386,13.1815
E07000099 North Hertfordshire,3.94169,4.21769,4.51319,5.42562,5.70952,6.15217,7.46662,7.66598,7.59134,8.2809,8.6401,8.18201,7.2963,7.9194,8.733,8.65887
E07000098 Hertsmere,5.01045,5.22003,5.73944,6.3915,6.95711,7.36126,9.89132,9.04407,10.1965,10.2945,10.4008,10.4824,9.04501,8.94961,10.3656,9.74235
E07000097 East Hertfordshire,4.90492,4.94667,5.22038,6.19343,5.92776,6.83934,7.93148,8.51183,8.72683,9.57831,10.2074,9.96701,8.30584,9.53169,9.52911,9.24593
E07000096 Dacorum,4.2788,4.72018,4.99669,5.85556,5.77387,6.02333,7.18636,7.78355,8.1221,8.02218,8.17624,8.86589,8.37729,8.77344,8.50461,8.80289
E07000095 Broxbourne,4.08108,4.8939,4.93525,6.17332,6.63585,7.5409,8.19173,8.63076,8.39212,8.64484,9.65738,8.91017,8.30987,8.52292,8.09735,9.10013
E07000094 Winchester,5.44115,6.4285,5.90647,7.55769,7.75851,8.11531,9.18649,9.95535,10.4134,9.83986,9.20541,10.4536,9.03138,10.2843,10.9849,9.36133
E07000093 Test Valley,4.9276,5.23226,5.49641,6.49001,6.65735,7.20004,7.85333,8.48649,8.073,8.96778,9.64708,9.78393,7.87969,9.26922,8.2466,8.46704
E07000092 Rushmoor,3.46048,3.64908,3.88573,4.829,4.56214,4.82517,5.68965,5.8129,6.43653,5.79803,5.89068,5.90198,5.29013,5.7373,5.93543,5.71869
E07000091 New Forest,4.85346,4.85481,5.1677,6.09842,6.85602,7.57387,9.41248,10.1353,9.92268,10.6976,10.513,10.4536,8.96923,10.0792,9.75546,9.51432
E07000090 Havant,4.01149,4.37967,4.46628,5.11065,5.26629,6.62043,6.91163,8.0726,7.72093,7.99107,8.38977,8.30526,6.88004,7.82373,6.7641,6.71499
E07000089 Hart,4.84938,5.74297,5.39029,5.88604,6.83368,6.7835,8.31993,8.82075,8.9971,8.21705,8.70239,8.60256,8.38401,8.55464,9.05056,9.08997
E07000088 Gosport,3.45777,3.31184,3.59905,4.05579,4.53122,4.77061,5.87699,6.19943,6.5195,6.30573,6.43164,6.71637,5.7829,6.28523,5.07417,6.36163
E07000087 Fareham,4.80449,4.49486,5.20234,5.49552,5.39058,6.85824,7.95279,8.59002,8.0525,8.98656,9.24926,8.478,7.89624,8.46678,7.76825,8.04178
E07000086 Eastleigh,4.16355,4.45387,4.62338,5.51326,6.17233,6.96713,7.81611,8.37991,8.34148,8.29555,8.89868,9.15989,7.53001,7.69123,7.76469,7.78114
E07000085 East Hampshire,4.84794,5.21641,6.07378,6.4572,7.13429,7.18061,9.40168,9.83198,10.723,9.90727,10.8815,11.6169,9.26657,11.0311,9.98591,9.99633
E07000084 Basingstoke and Deane,3.78081,4.26191,4.47779,5.74997,5.33548,5.60413,6.66713,6.80681,6.99589,6.89334,7.51923,7.25275,6.50272,7.36035,7.25814,7.75196
E07000083 Tewkesbury,3.83358,4.05167,3.93087,4.31089,5.21805,5.21897,6.24847,7.56083,7.04307,7.57438,7.78525,7.63704,6.46269,6.91269,7.28123,7.40526
E07000082 Stroud,3.58294,3.75293,4.31828,4.61116,5.27987,5.54439,7.02013,7.70709,7.55554,8.2382,8.89933,7.96268,7.41678,7.3085,7.65109,7.17681
E07000081 Gloucester,3.06858,3.18932,3.3233,3.40999,3.82252,4.46429,5.49009,5.87592,6.30087,5.99984,6.48786,6.12362,5.45147,5.72383,5.19019,5.34374
E07000080 Forest of Dean,3.57746,3.81603,3.91189,3.84949,4.49829,5.13896,6.24944,7.1302,7.99998,7.54155,8.10214,9.34753,6.98,7.80904,7.49468,7.52551
E07000079 Cotswold,5.46468,6.12103,6.34601,7.78052,7.19879,8.6183,11.0117,9.85737,11.2232,11.9233,11.1298,12.3965,11.6534,12.9908,11.5747,12.0692
E07000078 Cheltenham,3.80999,4.01959,4.19321,4.87796,5.26428,5.88504,6.22961,7.43301,7.50091,7.75592,7.47999,7.34479,6.04168,7.82633,7.55622,7.11173
E07000077 Uttlesford,5.3873,5.3236,5.39077,7.50129,7.08065,8.50457,9.02504,10.1141,10.0164,10.3365,10.6451,10.2026,9.65586,10.3668,10.0517,10.342
E07000076 Tendring,3.25618,3.2806,3.47125,4.4312,5.15649,5.18661,6.22239,7.26338,7.86093,8.10718,9.13672,8.91876,6.70103,7.06371,7.2503,7.00986
E07000075 Rochford,4.46379,4.82663,4.59751,5.31104,6.1698,7.23178,8.69478,9.06587,9.44786,8.66567,9.15348,10.0142,7.58507,9.2537,8.9341,9.08551
E07000074 Maldon,4.15407,4.66509,4.58765,5.21143,4.56412,6.01729,6.88396,7.68336,8.93341,9.2562,8.687,10.2939,7.12034,7.70613,8.59966,7.87601
E07000073 Harlow,3.23203,3.67438,3.38525,3.81057,3.99168,4.96728,5.39323,6.01534,6.37051,6.31989,5.39377,5.17972,4.99261,6.47567,6.22058,6.33737
E07000072 Epping Forest,5.64776,5.89259,6.35421,6.56947,7.29927,8.58283,10.3678,9.36745,9.80632,9.83951,10.19,9.81263,8.81271,10.4056,10.1453,10.489
E07000071 Colchester,3.68187,3.82966,3.87549,4.38318,4.56186,5.81397,6.77163,7.70337,7.71273,7.48316,8.04983,7.78844,6.32709,6.80298,7.13458,7.0517
E07000070 Chelmsford,3.62234,3.99385,4.38835,4.55842,5.64268,6.16648,8.17142,8.71112,8.20861,8.6669,9.23688,8.77623,7.22488,8.1604,8.21089,8.0315
E07000069 Castle Point,4.26038,3.77365,4.48213,4.92003,5.04062,7.78121,8.84384,9.58673,8.65663,8.42104,9.32194,,8.70004,9.42376,9.75727,9.18674
E07000068 Brentwood,5.26643,5.11619,5.33782,6.97415,6.8985,6.49963,7.89734,8.62603,9.17915,9.29483,10.0067,10.1079,9.1376,10.5131,8.59966,9.59492
E07000067 Braintree,4.19671,4.56227,4.6839,5.19127,5.31212,6.07322,7.51308,7.71315,7.04123,7.71713,7.89551,8.535,6.87224,7.40547,7.3996,7.28706
E07000066 Basildon,3.38241,3.62223,3.52944,3.54195,3.71821,5.00747,5.34118,6.10479,6.36049,6.59435,6.53629,7.226,6.5213,7.36807,6.45968,6.48638
E07000065 Wealden,5.15002,5.63351,5.67046,6.47266,7.01711,7.8956,9.22406,9.24474,11.2028,10.0616,9.95437,10.5808,9.42098,10.0778,9.80026,9.66282
E07000064 Rother,5.93567,5.30675,5.42601,6.464,5.71195,6.89102,8.83046,9.55437,10.6376,9.95681,11.1521,10.4827,8.7788,10.5886,9.70206,9.62501
E07000063 Lewes,3.80501,4.26914,4.64077,5.02115,5.97158,6.88217,7.87871,8.44698,8.70418,8.52733,9.4151,10.3132,7.80691,9.18382,9.28365,8.86978
E07000062 Hastings,3.37808,3.00639,3.47361,3.70576,4.19253,5.35046,5.76672,6.71606,6.83524,6.96251,7.18812,7.37114,6.55212,6.79987,6.36005,6.56683
E07000061 Eastbourne,3.28855,3.3403,3.48982,4.79574,4.7438,5.6698,7.27583,7.20013,7.82727,7.41391,7.40483,7.51408,6.36572,7.12832,7.21417,6.71346
E07000053 Weymouth and Portland,3.70772,4.03362,4.03439,4.97204,4.79695,5.7422,8.8066,8.98937,8.41129,9.3867,10.641,10.757,8.32407,9.01708,8.56814,7.88501
E07000052 West Dorset,4.92286,5.55305,5.5693,6.17018,6.70307,7.88023,9.40512,10.1418,10.039,10.4053,11.1905,9.86071,9.08507,10.0432,9.65595,9.52533
E07000051 Purbeck,4.68581,4.69869,4.49521,5.16929,6.55835,6.72113,8.02268,10.5899,9.68048,9.97161,9.57609,9.80145,7.69451,9.30141,9.03818,9.34321
E07000050 North Dorset,5.31629,4.62552,5.39465,5.70753,6.16709,7.60087,8.82947,9.92629,9.58511,9.87349,9.95065,11.1304,9.42619,10.609,9.96132,9.92552
E07000049 East Dorset,5.63489,6.11253,6.15876,7.64559,7.94128,8.8005,9.9627,10.3273,10.9311,11.0967,11.9023,12.4323,10.7067,10.9539,11.2709,11.2231
E07000048 Christchurch,4.09803,4.05835,5.69595,6.68479,7.57812,8.37904,8.90521,9.5669,10.2062,10.5919,10.8351,10.4772,9.04007,10.4635,9.79186,9.94578
E07000047 West Devon,4.80124,4.67257,4.83964,5.45659,5.77776,7.19585,,9.08278,10.6635,10.1632,11.2348,12.3565,10.0956,10.3597,8.79799,9.3168
E07000046 Torridge,4.33071,4.64404,5.24269,5.00499,6.52993,6.83505,8.06371,10.1851,11.0344,11.2233,11.0856,10.1164,9.87884,10.3064,9.93062,9.65142
E07000045 Teignbridge,4.76938,5.04743,4.86244,5.17124,5.54127,6.78353,7.99689,9.13672,9.3494,8.80539,10.1385,9.03335,8.04478,8.96848,8.63901,9.29412
E07000044 South Hams,4.91974,5.30626,5.42577,5.60166,6.84463,7.75328,9.87623,10.9833,11.8672,11.7358,11.5664,11.632,10.4955,11.9274,11.9843,11.6497
E07000043 North Devon,4.37136,4.50234,4.84817,5.63885,6.02337,6.95882,7.97047,9.246,10.3037,10.7505,10.9514,10.4868,8.977,9.8183,8.90882,9.03559
E07000042 Mid Devon,4.16433,4.35724,4.40574,4.84509,5.51149,6.94154,7.82854,9.31003,8.46179,10.0588,9.71641,9.3296,7.60935,8.15292,7.82421,8.10755
E07000041 Exeter,3.23844,3.23008,3.3369,3.96369,4.07402,5.27796,6.51886,7.33208,7.24347,7.61161,8.05176,8.05287,7.01205,7.2958,7.34213,7.29318
E07000040 East Devon,5.09443,5.00998,5.54871,6.01077,6.17411,7.63864,9.26123,9.51838,10.023,10.2885,11.1135,11.3447,10.034,11.6427,10.5381,9.80761
E07000039 South Derbyshire,3.02125,3.20494,3.26262,4.50861,4.5787,4.64386,5.90377,5.64738,6.17523,6.07176,6.05177,5.88143,6.0404,6.53644,5.56028,6.01034
E07000038 North East Derbyshire,3.37874,3.42458,3.44263,3.27149,3.24689,3.89026,4.46774,5.65081,5.74949,6.11718,5.57742,5.51069,6.29878,5.60859,5.74949,5.89691
E07000037 High Peak,3.64022,3.68617,3.35117,3.31001,3.81379,4.33572,5.52942,6.77575,6.46585,6.7126,7.39629,6.41541,5.85119,5.40591,5.86212,6.07414
E07000036 Erewash,3.04942,3.00351,2.96655,3.02872,3.18514,3.82026,4.4135,5.51491,5.89928,5.67067,6.42429,5.824,5.32349,5.42011,5.02608,5.16382
E07000035 Derbyshire Dales,4.56007,4.96501,4.57314,4.44388,5.5642,5.64732,6.70624,8.73317,8.90977,9.72461,10.772,9.1284,7.65199,8.38642,8.61124,8.3635
E07000034 Chesterfield,2.68607,2.65461,2.76323,2.84149,3.17562,3.37897,3.97019,4.97132,5.25839,5.43301,5.89473,6.02821,5.13347,4.68772,5.10436,5.1227
E07000033 Bolsover,2.70319,2.77945,2.73458,2.7041,2.82844,2.35718,3.0102,3.80635,4.24271,4.41628,4.58292,4.73188,4.61917,4.53382,4.36298,4.30114
E07000032 Amber Valley,2.97592,2.91556,3.046,3.27714,3.40275,3.73054,4.71314,5.36905,5.67958,5.60379,5.60986,5.40027,5.04895,5.67581,5.20026,4.73256
E07000031 South Lakeland,3.8453,4.24948,4.43073,4.46389,5.03862,5.54425,7.02805,8.63758,9.37815,9.05392,9.55308,9.42251,8.49022,8.69553,9.58967,9.29643
E07000030 Eden,4.09408,4.6125,5.24515,4.99745,5.16087,4.87617,6.82555,8.79967,8.04672,8.19989,8.88341,8.14542,8.94,8.69114,7.69313,7.23268
E07000029 Copeland,1.91208,1.84893,1.98211,1.57712,1.76209,1.71422,1.93703,2.50808,3.07711,3.32328,3.34829,3.1334,2.77496,3.26317,3.04638,2.75899
E07000028 Carlisle,3.01251,3.18625,3.20315,3.17548,2.88341,3.34872,4.14339,4.91757,5.01905,6.15509,5.88171,5.80756,4.9572,5.21796,5.51907,5.22918
E07000027 Barrow-in-Furness,2.02069,2.11313,1.82933,2.10802,1.78122,2.19044,2.44457,2.73785,3.45487,3.68995,3.86424,4.11033,3.67942,3.88426,3.5639,3.05894
E07000026 Allerdale,3.16859,3.20944,3.27504,3.36118,3.292,3.42231,4.04581,5.28461,5.78585,5.78424,6.77245,6.06574,6.13959,6.00274,6.51764,6.75211
E07000012 South Cambridgeshire,4.32008,4.66679,4.87038,5.74705,5.86063,6.45215,6.88821,6.7502,7.41062,7.05582,8.27538,7.92609,6.39578,7.34151,8.02441,7.586
E07000011 Huntingdonshire,3.65511,3.77762,3.97544,4.33984,4.47996,5.28445,6.03548,6.61447,6.8431,7.36084,7.46469,7.34759,6.50032,6.89193,6.6233,6.82501
E07000010 Fenland,2.72299,2.7029,2.66482,3.25596,3.72882,4.77007,5.25499,5.87557,6.35248,5.99626,6.1047,6.6093,5.54189,6.32186,6.23161,5.85788
E07000009 East Cambridgeshire,3.88095,5.04341,5.85472,5.3909,5.84757,6.64065,6.73351,7.50196,8.14676,8.13969,7.75315,8.50887,6.6585,8.43414,7.9141,7.73432
E07000008 Cambridge,4.35567,5.1656,5.4393,6.01233,6.21308,7.4316,8.04874,8.07229,8.73024,9.18726,9.93561,9.50612,8.22295,9.18965,8.61734,8.66823
E07000007 Wycombe,4.75349,5.36833,5.39858,5.86822,6.21026,6.66792,7.08678,7.88919,8.28432,8.66146,8.73907,8.23035,7.60116,8.54206,8.24353,8.46978
E07000006 South Bucks,7.09424,8.58365,8.24349,9.3227,9.76254,9.08546,10.9557,9.6387,10.8629,12.0691,13.767,11.3032,10.5285,14.1629,13.1775,12.4894
E07000005 Chiltern,7.82882,8.53214,9.16096,10.6219,11.429,10.2947,11.121,11.3541,11.691,11.8783,12.8074,14.0615,11.5816,12.8501,13.0162,12.2894
E07000004 Aylesbury Vale,4.48168,4.79551,5.00839,5.57436,6.06326,6.60861,7.50658,7.80151,8.14588,8.04844,8.4823,8.97496,7.6324,8.2073,8.47507,8.38607
E06000056 Central Bedfordshire,,,,,,,,,,,,,7.51146,8.09196,7.70262,8.1542
E06000056 Bedfordshire,,,,,,,,,,,,,7.51146,8.09196,7.70262,8.1542
E06000055 Bedford,3.34081,3.52054,3.77069,4.01722,4.75031,5.09858,6.22826,6.58652,7.02868,7.03243,7.18996,7.59309,6.91146,7.2286,6.98504,7.48789
E06000054 Wiltshire,4.32024,4.88404,4.83811,5.50052,6.43157,6.56514,7.48826,8.22962,8.50803,8.58519,8.65485,8.25009,7.2926,8.32539,8.11692,8.16332
E06000052 Cornwall,4.13963,4.3488,4.48949,4.99593,5.16402,6.28515,7.80473,9.35161,9.83827,9.61989,10.0058,9.75252,8.32432,9.10791,8.71351,8.99193
E06000051 Shropshire,4.13556,4.26302,4.33655,4.48886,4.886,5.3283,6.78987,7.2788,7.87041,8.32057,8.37838,8.4221,7.54526,7.44015,7.50528,7.61924
E06000050 Cheshire West and Chester,,,,,,,,,,,,,6.12952,6.58744,6.46245,6.53397
E06000050 Cheshire,,,,,,,,,,,,,6.12952,6.58744,6.46245,6.53397
E06000049 Cheshire East,,,,,,,,,,,,,6.68092,7.31907,6.90202,6.67755
E06000048 Northumberland,3.6508,3.5981,3.82757,3.70975,3.87432,3.8353,4.48111,5.92052,6.236,6.39078,6.77583,6.81899,5.97768,6.4063,6.39288,5.89221
E06000047 Durham,2.8174,2.68041,2.83598,2.86226,2.7771,2.89939,3.29847,4.35048,4.68963,5.54887,5.16436,5.18907,4.73326,4.89826,4.50616,4.29393
E06000046 Isle of Wight,3.51279,3.47438,3.92932,3.87606,4.5946,5.506,6.91769,8.43247,8.02511,8.8035,8.12831,8.11842,7.13893,7.49829,6.94382,7.11395
E06000045 Southampton,2.9572,3.25065,3.18091,3.87955,4.13983,4.863,5.58369,6.27645,6.41127,6.31629,6.26818,6.01962,5.56117,6.1473,5.83297,5.80116
E06000044 Portsmouth,3.02296,3.16683,3.37371,3.70388,3.95595,4.52753,5.52338,6.13841,6.16883,5.78903,6.23531,6.07435,5.02923,5.31572,5.71662,5.45359
E06000043 Brighton and Hove,3.75149,4.14994,4.53859,5.35466,6.15119,6.91519,7.7456,8.51668,9.37524,9.10394,10.2733,9.50132,8.33621,9.62257,9.84715,9.53581
E06000042 Milton Keynes,3.13458,3.26167,3.49265,3.9959,4.49179,5.102,5.76034,6.30454,6.65301,6.738,6.82652,6.86253,5.64532,6.78178,6.32595,6.29795
E06000041 Wokingham,4.90357,5.48426,5.80668,6.89547,6.13924,6.66699,7.68314,7.63504,8.19611,7.57134,8.44133,8.0958,7.4875,7.82948,7.74052,8.17744
E06000040 Windsor and Maidenhead,6.04107,7.15566,6.21908,7.79653,8.31352,8.31438,9.27031,9.54619,9.51601,9.29342,10.5553,9.40491,8.76757,10.2675,10.5925,9.96851
E06000039 Slough,3.0189,3.52665,3.66014,4.12007,4.51706,4.97844,5.6899,6.03119,6.30856,6.45968,6.56381,6.91838,5.73997,6.27636,5.84683,6.13227
E06000038 Reading,3.43915,3.57019,3.61889,5.11826,5.41668,5.76704,6.30452,6.33425,6.27705,6.52717,7.31699,7.34688,6.24831,6.40694,6.46569,6.45587
E06000037 West Berkshire,4.74467,4.92707,4.94107,6.05002,5.66771,6.41604,7.13133,6.92581,7.77673,7.54505,8.87938,7.6647,7.08297,7.92136,8.06825,7.80369
E06000037 Berkshire,4.74467,4.92707,4.94107,6.05002,5.66771,6.41604,7.13133,6.92581,7.77673,7.54505,8.87938,7.6647,7.08297,7.92136,8.06825,7.80369
E06000036 Bracknell Forest,3.9562,4.00409,4.10056,4.67723,5.04843,5.60638,5.71627,6.1457,6.53224,6.23095,6.3421,6.4361,5.88851,7.11495,5.92476,7.00563
E06000035 Medway,2.89596,2.95193,3.16415,3.65559,4.00897,4.47216,5.53115,6.03378,6.23783,6.12116,6.40602,6.40032,5.52874,5.69031,5.64685,5.89328
E06000034 Thurrock,2.91315,3.2174,3.20742,3.54964,4.05914,5.06429,6.01875,6.32867,7.132,6.7646,7.28984,6.90966,6.43447,6.7224,6.32543,7.02715
E06000033 Southend-on-Sea,3.27342,3.59144,3.51973,4.18288,4.55873,4.81659,6.93177,7.43199,7.77839,7.63625,8.314,7.94719,7.29746,7.30326,7.48469,7.40037
E06000032 Luton,2.48827,2.58401,2.73715,3.55505,3.9666,4.0987,5.58351,6.4229,6.00501,6.09969,6.29091,6.3316,5.47792,6.17428,6.23904,6.38548
E06000031 Peterborough,2.81838,2.67878,2.89486,3.13989,3.25478,3.86862,4.54661,5.58816,5.7178,5.89133,5.98634,5.9319,5.24282,4.9151,5.30998,5.1349
E06000030 Swindon,2.99778,3.35532,3.49253,4.1807,4.32575,5.12409,5.72359,5.65285,6.09933,6.16852,6.16887,6.06992,5.6104,5.89662,5.35247,5.51986
E06000029 Poole,4.05756,4.2127,4.76943,5.39741,5.69306,6.58641,7.80451,8.82693,8.71755,8.72451,9.21804,9.18613,7.89583,9.04978,7.85449,8.57411
E06000028 Bournemouth,4.43947,4.50253,4.68081,5.28334,6.31601,7.30008,9.14745,9.93912,9.74489,9.24871,7.78702,7.33497,6.99889,8.84225,8.30503,7.73554
E06000027 Torbay,3.83299,4.65676,4.21208,4.7399,4.98728,6.10941,7.5828,8.38835,9.47631,8.23228,9.11601,8.93326,8.10472,8.35019,7.34432,7.1944
E06000026 Plymouth,2.98945,3.07634,2.86133,2.95499,3.29303,4.04875,4.57872,5.53205,6.48548,6.23765,6.88497,6.19039,5.52953,5.91766,5.85964,5.79666
E06000025 South Gloucestershire,3.32335,3.43825,3.63031,4.23758,4.37256,4.98675,5.9605,6.28152,6.46307,6.30629,7.3036,7.00418,5.90407,7.09396,6.57549,7.07123
E06000024 North Somerset,3.65505,3.99771,4.08007,4.56053,4.70282,5.43007,6.26168,6.76617,7.10297,7.2417,7.57328,7.48008,6.94679,7.16236,6.92292,6.70103
"E06000023 Bristol",3.05611,3.18021,3.4642,4.04752,4.32048,5.04088,6.15171,6.26306,6.76569,6.81363,7.0827,6.91356,6.19598,6.34725,6.53832,6.45374
E06000022 Bath and North East Somerset,4.61526,4.64,4.58257,5.94241,6.17348,6.67855,7.77147,8.67411,8.84259,8.85267,9.42471,9.21193,8.05809,9.20323,8.74222,8.73782
E06000021 Stoke-on-Trent,2.39018,2.30903,2.19858,2.3242,2.26551,2.35514,2.54998,3.78578,4.30334,4.45573,4.31272,4.1613,3.68307,3.63296,3.57179,3.70539
E06000020 Telford and Wrekin,3.1193,3.1383,3.55494,3.40763,3.68777,3.81392,4.62416,5.88883,5.84627,5.9049,5.76056,5.87777,5.83863,6.09176,5.67545,5.6675
"E06000019 Herefordshire",4.17796,4.35994,4.78452,5.28905,5.39146,6.0091,7.63062,8.56775,9.10144,8.61207,9.10012,9.10802,8.24998,9.82947,8.86068,8.7204
E06000018 Nottingham,2.65565,2.62448,2.6451,2.60696,2.70844,3.24568,4.00626,4.63629,4.91754,4.94371,4.84854,4.51089,3.78282,4.02864,3.90132,3.98249
E06000017 Rutland,5.37312,5.51889,5.87589,5.79692,6.55998,7.31243,8.00764,8.74086,9.3506,9.82847,9.63231,9.80483,6.62035,9.6186,9.11583,9.79664
E06000016 Leicester,2.56568,2.58649,2.7126,2.76707,2.98637,3.48875,4.54133,5.79057,5.67958,5.60009,5.73664,5.70492,5.04341,4.97145,5.05536,4.80024
E06000015 Derby,2.46532,2.22909,2.27975,2.30588,2.54361,2.94199,3.24065,4.32022,4.70495,4.60761,5.56514,4.21245,4.00034,3.68085,3.5993,3.75033
E06000014 York,3.70914,3.5615,3.51301,3.74763,4.2749,4.93752,6.11043,6.63385,7.45729,7.01935,7.28808,7.43575,6.50204,7.11858,6.8647,6.79765
E06000013 North Lincolnshire,2.48857,2.30894,2.37692,2.47105,2.66907,2.56546,3.19188,4.08021,4.5457,5.11258,5.48092,5.00338,4.7188,4.6861,4.27173,4.38498
E06000012 North East Lincolnshire,2.53337,2.26452,2.69393,2.64451,2.70562,2.80401,2.85657,4.02964,4.09678,4.81533,5.29976,4.89242,4.64789,5.10776,4.34221,4.73315
E06000011 East Riding of Yorkshire,3.26252,3.2256,3.36017,3.2763,3.28261,3.75834,4.63262,6.06769,6.22777,6.2477,6.17171,6.29754,5.58041,5.7515,5.76358,6.13142
"E06000010 Kingston upon Hull",2.17712,2.12909,2.35557,2.23129,2.21291,2.13584,2.57897,2.89169,3.39822,3.78567,4.18012,4.21306,3.42602,4.03096,3.79419,3.78822
E06000009 Blackpool,3.04088,3.12986,3.06751,3.13461,3.13317,3.30856,3.85601,4.92716,5.49454,6.2423,6.23571,6.27919,5.05416,5.13347,4.7474,4.70336
E06000008 Blackburn with Darwen,2.24989,2.21536,2.46453,2.38281,2.17097,2.23748,2.36929,3.15414,3.8997,4.22932,4.26786,4.39296,4.15489,4.10153,3.83567,4.17284
E06000007 Warrington,3.31496,3.44233,3.49855,3.68883,3.67275,4.47719,4.85927,5.96222,6.18668,6.92054,5.98282,5.539,5.56312,5.63883,5.19275,5.87709
E06000006 Halton,2.92149,2.651,2.56745,2.90056,3.07254,2.86447,3.6985,4.12611,4.86928,4.79124,5.07193,4.72767,4.59553,4.77119,4.40298,4.18614
E06000005 Darlington,3.0472,3.321,2.92823,3.20568,3.36337,3.12824,4.05914,5.00279,5.88559,5.82161,5.33471,5.44335,5.09118,5.43819,5.21321,4.96653
E06000004 Stockton-on-Tees,2.9665,2.93042,2.9346,3.03128,3.05364,3.53526,4.3507,4.91289,5.24153,5.65026,6.16148,5.74949,5.06362,5.40027,5.06517,5.27089
E06000003 Redcar and Cleveland,2.32859,2.50697,2.34673,2.27879,2.44966,2.83536,3.45361,3.44199,4.3646,4.89169,4.81129,4.52468,4.48554,4.58808,4.31378,4.93707
E06000002 Middlesbrough,2.82762,2.74158,2.83856,2.68919,2.52867,2.61315,2.14932,3.38623,4.0674,4.79611,5.01826,4.61584,4.70148,4.36957,4.46604,4.24738
E06000001 Hartlepool,2.58549,2.72458,2.85214,3.16296,2.61013,2.92308,3.03609,2.76194,3.00967,4.2073,4.89651,5.44794,3.8691,5.10942,4.39469,3.93289
